,country,prevalence,cases,pop2023,rank2022,gpi2022,rank2021,gpi2021,corruption_score,Rank_corruption,#,Average temprature,gini,rateWb,yearWb,rateIlo,yearIlo,rateCia,yearCia,Avg size,Public services index,Global rank ,Available data ,gendEqal2021,econ,education,health,polit,latestRate,dataYear,crime index,category,score,elecProcess,functioningOfGovt,politParticipation,politCulture,civilLiberties,Air Quality
0,Albania,4.8,131048.0,2832439.0,41.0,1.761,48.0,1.824,36.0,101.0,153.0,54.45 °F,33.2,11.7,2020,11.5,2019.0,5.83,2019.0,3.3,4.1,119.0,2007 - 2022,0.77,0.748,0.999,0.956,0.377,97.553902,2015.0,5.63,Flawed Democracy,6.08,7.0,5.36,4.0,6.0,7.35,0
1,Algeria,4.5,1683914.0,45606480.0,109.0,2.146,119.0,2.31,33.0,116.0,99.0,74.5 °F,27.6,13.6,2017,13.6,2017.0,11.7,2017.0,,5.3,86.0,2007 - 2022,0.633,0.456,0.966,0.958,0.151,79.608398,2015.0,4.51,Authoritarian Regime,3.77,3.0,2.5,4.0,5.0,3.82,1
2,Andorra,,,80088.0,,,,,,,185.0,46.99 °F,,,,,,3.7,2016.0,,,,,,,,,,100.0,2011.0,2.96,,,,,,,,0
3,Angola,3.6,892128.0,36684202.0,78.0,1.982,81.0,2.017,33.0,116.0,116.0,71.19 °F,51.3,9.6,2014,9.6,2014.0,6.6,2016.0,4.82,9.1,13.0,2007 - 2022,0.657,0.646,0.759,0.976,0.245,71.164162,2015.0,5.29,Authoritarian Regime,3.66,2.0,2.86,5.0,5.0,2.65,3
4,Argentina,4.7,1914354.0,45773884.0,69.0,1.911,68.0,1.945,38.0,94.0,143.0,59.18 °F,42.9,11.5,2020,9.8,2019.0,9.84,2019.0,3.26,4.5,105.0,2007 - 2022,0.752,0.639,1.0,0.977,0.39,98.089973,2015.0,4.38,Flawed Democracy,6.95,9.0,5.36,6.0,5.0,7.94,0
5,Armenia,5.0,142712.0,2777970.0,83.0,1.992,93.0,2.075,46.0,63.0,186.0,46.15 °F,29.9,18.3,2019,18.3,2019.0,18.9,2017.0,3.54,3.6,131.0,2007 - 2022,0.673,0.655,0.998,0.95,0.091,99.768417,2015.0,3.26,Hybrid Regime,5.35,7.0,5.0,6.0,3.0,5.0,1
6,Australia,5.9,1318599.0,26439111.0,27.0,1.565,16.0,1.47,75.0,13.0,114.0,71.69 °F,34.4,6.5,2020,6.5,2020.0,5.16,2019.0,2.55,2.5,154.0,2007 - 2022,0.731,0.7,1.0,0.968,0.258,99.0,2003.0,4.0,Full Democracy,8.96,10.0,8.57,7.0,8.0,9.71,0
7,Austria,5.1,415916.0,8958960.0,5.0,1.3,6.0,1.317,71.0,22.0,190.0,45.37 °F,30.8,5.4,2020,5.4,2020.0,7.35,2019.0,2.88,2.0,162.0,2007 - 2022,0.777,0.665,1.0,0.97,0.473,98.0,2011.0,4.04,Full Democracy,8.16,9.0,7.5,8.0,6.0,8.53,0
8,Azerbaijan,4.6,428873.0,10412651.0,128.0,2.437,120.0,2.334,23.0,157.0,149.0,56.07 °F,26.6,4.8,2019,4.9,2019.0,5.0,2017.0,4.55,5.2,88.0,2007 - 2022,0.688,0.748,0.996,0.939,0.069,99.80526,2015.0,5.08,Authoritarian Regime,2.68,0.0,2.86,3.0,3.0,2.94,0
9,Bahrain,4.8,62549.0,1485509.0,99.0,2.085,101.0,2.121,44.0,69.0,23.0,81.81 °F,,1.2,2012,,,3.6,2017.0,,3.2,140.0,2007 - 2022,0.632,0.518,0.985,0.959,0.066,95.717262,2015.0,4.83,Authoritarian Regime,2.49,0.0,2.71,2.0,4.0,1.76,3
10,Bangladesh,4.1,6391760.0,172954319.0,96.0,2.067,90.0,2.068,25.0,147.0,64.0,78.24 °F,32.4,4.4,2017,4.4,2017.0,4.4,2017.0,4.47,7.8,44.0,2007 - 2022,0.719,0.418,0.951,0.962,0.546,61.493832,2015.0,4.98,Hybrid Regime,5.99,7.0,6.07,6.0,5.0,4.71,3
11,Belarus,5.6,510764.0,9498238.0,116.0,2.259,116.0,2.285,39.0,91.0,189.0,45.41 °F,25.3,4.1,2020,4.2,2019.0,0.8,2017.0,2.48,3.0,146.0,2007 - 2022,0.758,0.84,0.999,0.977,0.216,99.722038,2015.0,5.08,Authoritarian Regime,2.59,0.0,2.0,3.0,5.0,2.06,0
12,Belgium,4.8,502075.0,11686140.0,22.0,1.526,20.0,1.496,,,165.0,51.21 °F,27.2,5.5,2020,5.6,2020.0,5.36,2019.0,2.36,2.8,149.0,2007 - 2022,0.789,0.709,1.0,0.968,0.48,99.0,2003.0,4.34,Flawed Democracy,7.51,9.0,7.86,5.0,6.0,8.24,0
13,Belize,4.4,14956.0,410825.0,,,,,,,63.0,78.26 °F,53.3,9.1,2019,6.6,2017.0,9.0,2017.0,,5.7,83.0,2007 - 2022,0.699,0.749,0.991,0.98,0.075,82.776817,2015.0,4.64,,,,,,,,0
14,Bermuda,,,64069.0,,,,,,,117.0,71.01 °F,,8.9,2014,8.9,2014.0,7.0,2017.0,,,,,,,,,,98.0,2005.0,,,,,,,,,0
15,Bolivia,4.4,453716.0,12388571.0,80.0,1.989,104.0,2.14,31.0,126.0,121.0,69.4 °F,41.6,7.9,2020,3.8,2019.0,4.0,2017.0,3.53,6.6,67.0,2007 - 2022,0.722,0.595,0.981,0.962,0.352,95.141922,2015.0,4.3,Hybrid Regime,5.08,6.0,3.57,6.0,3.0,5.88,1
16,Bosnia and Herzegovina,5.1,185557.0,3210847.0,58.0,1.85,72.0,1.97,34.0,110.0,169.0,50.68 °F,33.0,15.9,2020,15.7,2019.0,33.28,2019.0,,,,,,,,,,98.485764,2015.0,5.89,,,,,,,,1
17,Brazil,5.8,11548577.0,216422446.0,130.0,2.465,127.0,2.43,38.0,94.0,70.0,77.81 °F,53.4,13.7,2020,13.7,2020.0,11.93,2019.0,3.31,7.5,51.0,2007 - 2022,0.695,0.665,1.0,0.98,0.138,92.586807,2015.0,6.5,Flawed Democracy,6.92,9.0,5.36,6.0,5.0,7.94,1
18,Brunei,,,452524.0,,,,,,,35.0,80.71 °F,,,,,,,,,2.3,157.0,2007 - 2022,0.678,0.722,0.992,0.965,0.031,96.656532,2015.0,2.76,,,,,,,,0
19,Bulgaria,5.2,360724.0,6687717.0,24.0,1.541,27.0,1.577,43.0,72.0,162.0,52.47 °F,41.3,5.1,2020,5.1,2020.0,5.66,2019.0,2.34,4.2,115.0,2007 - 2022,0.746,0.738,0.991,0.979,0.275,98.38858,2015.0,5.43,Flawed Democracy,6.71,9.0,5.71,7.0,4.0,7.06,0
20,Burkina Faso,3.6,640502.0,23251485.0,146.0,2.786,133.0,2.527,42.0,77.0,1.0,84.67 °F,35.3,4.7,2018,4.7,2018.0,77.0,2004.0,5.92,8.8,22.0,2007 - 2022,0.651,0.689,0.873,0.978,0.066,37.7467,2015.0,5.49,Authoritarian Regime,3.73,3.0,2.36,4.0,5.0,3.82,1
21,Cambodia,3.4,508823.0,16944826.0,63.0,1.882,78.0,2.008,24.0,150.0,29.0,81.34 °F,,1.2,2019,0.1,2017.0,0.3,2017.0,4.61,7.9,43.0,2007 - 2022,0.684,0.729,0.919,0.978,0.111,78.34594,2015.0,5.83,Authoritarian Regime,3.1,0.0,3.93,3.0,5.0,2.06,0
22,Canada,4.7,1566903.0,38781291.0,12.0,1.389,10.0,1.33,74.0,14.0,206.0,24.69 °F,33.3,9.5,2020,9.5,2020.0,5.67,2019.0,2.45,2.0,163.0,2007 - 2022,0.772,0.741,1.0,0.968,0.381,99.0,2003.0,3.66,Full Democracy,9.24,9.0,8.93,8.0,9.0,9.41,1
23,Cape Verde,4.9,24240.0,598682.0,,,,,,,,,,,,,,,,,5.9,82.0,2007 - 2022,0.716,0.761,0.972,0.98,0.152,88.465424,2015.0,,,,,,,,,0
24,Cayman Islands,,,69310.0,,,,,,,18.0,82.08 °F,,4.2,2015,4.2,2015.0,4.0,2008.0,,,,,,,,,,98.867821,2007.0,,,,,,,,,0
25,Central African Republic,4.2,202081.0,5742315.0,155.0,3.021,154.0,3.131,24.0,150.0,69.0,77.85 °F,56.2,,,,,6.9,2017.0,4.91,,,,,,,,,36.752609,2015.0,7.04,Authoritarian Regime,1.32,1.0,0.0,1.0,1.0,2.35,3
26,Chad,3.5,478228.0,18278568.0,136.0,2.591,131.0,2.489,19.0,167.0,25.0,81.77 °F,43.3,1.1,2018,1.1,2018.0,,,5.78,9.7,5.0,2007 - 2022,0.593,0.693,0.589,0.97,0.118,40.018242,2015.0,5.86,Authoritarian Regime,1.55,0.0,0.0,1.0,3.0,2.35,1
27,Chile,5.0,844253.0,19629590.0,55.0,1.84,49.0,1.831,67.0,27.0,176.0,49.08 °F,44.4,11.2,2020,11.2,2020.0,7.22,2019.0,3.58,4.2,116.0,2007 - 2022,0.716,0.61,1.0,0.97,0.283,96.627548,2015.0,4.6,Full Democracy,8.28,9.0,8.21,6.0,8.0,8.82,3
28,China,4.2,54815739.0,1425671352.0,89.0,2.01,99.0,2.114,45.0,65.0,102.0,,38.5,5.2,2019,5.2,2019.0,3.64,2019.0,3.32,5.0,93.0,2007 - 2022,0.682,0.701,0.973,0.935,0.118,96.357452,2015.0,,Authoritarian Regime,2.27,0.0,4.29,2.0,3.0,1.18,2
29,Colombia,4.7,2177280.0,52085168.0,144.0,2.729,143.0,2.694,39.0,91.0,76.0,77 °F,51.3,15.0,2020,15.0,2020.0,10.5,2019.0,3.53,6.3,77.0,2007 - 2022,0.725,0.708,1.0,0.975,0.216,94.577057,2015.0,7.66,Flawed Democracy,7.04,9.0,6.43,6.0,5.0,7.94,1
30,Costa Rica,4.7,216608.0,5212173.0,38.0,1.732,39.0,1.735,54.0,48.0,79.0,76.73 °F,48.2,17.4,2020,17.4,2020.0,8.1,2017.0,3.46,4.4,108.0,2007 - 2022,0.786,0.624,1.0,0.973,0.545,97.647247,2015.0,4.99,Full Democracy,8.16,9.0,6.79,7.0,7.0,9.71,0
31,Croatia,5.1,205541.0,4008617.0,15.0,1.44,17.0,1.48,50.0,57.0,156.0,53.26 °F,29.7,7.5,2020,7.5,2020.0,8.07,2019.0,2.8,3.4,137.0,2007 - 2022,0.733,0.666,0.995,0.978,0.294,99.272591,2015.0,5.06,Flawed Democracy,6.5,9.0,6.07,6.0,4.0,6.76,0
32,Cyprus,5.1,42662.0,1260138.0,67.0,1.903,61.0,1.912,52.0,51.0,133.0,66.04 °F,32.7,7.6,2020,7.6,2020.0,7.07,2019.0,2.75,3.6,132.0,2007 - 2022,0.707,0.694,0.998,0.96,0.177,99.059776,2015.0,4.19,Flawed Democracy,7.56,9.0,5.36,7.0,7.0,8.53,1
33,Czech Republic,5.2,525488.0,10495295.0,8.0,1.318,9.0,1.329,,,184.0,47.5 °F,25.0,2.5,2020,2.6,2020.0,2.8,2019.0,2.4,,,,0.711,0.662,1.0,0.978,0.203,,,4.63,Flawed Democracy,7.67,9.0,6.07,6.0,7.0,8.53,1
34,Denmark,5.0,267213.0,5910913.0,4.0,1.296,3.0,1.256,90.0,1.0,181.0,47.95 °F,28.2,5.6,2020,5.6,2020.0,3.05,2019.0,,1.7,165.0,2007 - 2022,0.768,0.736,1.0,0.964,0.371,99.0,2003.0,3.86,Full Democracy,9.15,10.0,8.93,8.0,9.0,9.12,0
35,Dominican Republic,4.7,464164.0,11332972.0,82.0,1.99,82.0,2.024,32.0,123.0,90.0,76.12 °F,41.9,6.1,2020,6.4,2019.0,5.1,2017.0,3.48,,,,0.699,0.646,1.0,0.98,0.172,92.465424,2015.0,5.15,Flawed Democracy,6.32,9.0,4.29,6.0,5.0,7.06,0
36,Ecuador,,,18190484.0,79.0,1.988,87.0,2.044,36.0,101.0,118.0,70.5 °F,45.7,6.1,2020,6.1,2020.0,5.71,2019.0,3.78,6.3,78.0,2007 - 2022,0.739,0.675,0.997,0.968,0.318,94.515472,2015.0,6.25,Flawed Democracy,6.13,8.0,5.0,6.0,3.0,6.47,1
37,Egypt,3.5,2995824.0,112716598.0,126.0,2.342,125.0,2.397,30.0,130.0,104.0,73.65 °F,31.5,7.8,2019,7.8,2019.0,7.86,2019.0,4.13,5.0,94.0,2007 - 2022,0.639,0.421,0.973,0.968,0.196,75.842621,2015.0,5.16,Authoritarian Regime,2.93,1.0,3.21,3.0,5.0,1.76,1
38,El Salvador,4.4,255032.0,6364943.0,114.0,2.231,109.0,2.184,33.0,116.0,72.0,77.43 °F,38.8,0.1,2020,4.2,2019.0,7.0,2017.0,4.07,6.5,71.0,2007 - 2022,0.738,0.634,0.992,0.98,0.347,87.648216,2015.0,5.94,Hybrid Regime,5.9,9.0,4.29,6.0,3.0,6.18,1
39,Estonia,5.9,75667.0,1322765.0,33.0,1.662,30.0,1.612,74.0,14.0,197.0,43.39 °F,30.3,6.8,2020,6.8,2020.0,4.94,2019.0,2.3,2.2,159.0,2007 - 2022,0.733,0.754,1.0,0.975,0.201,99.823509,2015.0,3.6,Flawed Democracy,7.84,9.0,7.86,6.0,6.0,8.24,0
40,Ethiopia,4.7,4480113.0,126527060.0,149.0,2.806,138.0,2.613,38.0,94.0,100.0,74.07 °F,35.0,2.3,2013,,,17.5,2012.0,4.61,8.6,26.0,2007 - 2022,0.691,0.56,0.85,0.971,0.382,49.031521,2015.0,4.79,Authoritarian Regime,3.38,0.0,3.57,5.0,5.0,2.35,2
41,Finland,5.6,293921.0,5545475.0,14.0,1.439,13.0,1.402,87.0,2.0,201.0,36.37 °F,27.3,7.8,2020,7.8,2020.0,6.63,2019.0,1.93,1.3,171.0,2007 - 2022,0.861,0.806,1.0,0.97,0.669,100.0,2000.0,2.71,Full Democracy,9.2,10.0,8.93,8.0,8.0,9.41,0
42,France,4.8,2949572.0,64756584.0,65.0,1.895,55.0,1.868,72.0,21.0,159.0,52.95 °F,32.4,8.0,2020,8.0,2020.0,8.12,2019.0,2.22,1.5,169.0,2007 - 2022,0.784,0.71,1.0,0.97,0.457,99.0,2003.0,5.66,Flawed Democracy,7.99,9.0,7.5,7.0,6.0,8.24,1
43,French Guiana,,,,,,,,,,97.0,,,,,23.2,2016.0,,,3.45,,,,,,,,,,,,,,,,,,,0
44,Gabon,4.3,7303.0,2436566.0,76.0,1.973,92.0,2.074,29.0,136.0,73.0,77.34 °F,38.0,20.4,2010,,,28.0,2015.0,4.1,6.7,65.0,2007 - 2022,,,,,,83.237877,2015.0,4.9,Authoritarian Regime,3.54,2.0,1.86,4.0,5.0,3.82,3
45,Gambia,3.9,74821.0,2773168.0,45.0,1.792,53.0,1.853,34.0,110.0,2.0,,35.9,10.2,2018,10.2,2018.0,,,8.23,7.7,46.0,2007 - 2022,0.644,0.607,0.891,0.968,0.112,55.572762,2015.0,,Hybrid Regime,4.49,4.0,4.29,4.0,5.0,4.12,0
46,Georgia,5.0,189241.0,3728282.0,95.0,2.065,88.0,2.054,56.0,41.0,180.0,48.25 °F,35.9,18.5,2020,18.5,2020.0,11.8,2016.0,3.34,4.1,121.0,2007 - 2022,0.732,0.705,1.0,0.977,0.245,99.759621,2015.0,2.96,Hybrid Regime,5.31,7.0,3.57,6.0,3.0,5.29,1
47,Germany,5.2,2116728.0,83294633.0,16.0,1.462,18.0,1.48,79.0,9.0,175.0,49.28 °F,31.9,3.8,2020,3.8,2020.0,4.98,2019.0,1.91,1.7,166.0,2007 - 2022,0.796,0.706,0.997,0.972,0.509,99.0,2003.0,4.9,Full Democracy,8.67,9.0,8.21,8.0,8.0,9.12,1
48,Ghana,4.2,110048.0,34121985.0,40.0,1.759,38.0,1.715,43.0,72.0,24.0,81.79 °F,43.5,4.2,2017,4.2,2017.0,11.9,2015.0,3.49,7.1,59.0,2007 - 2022,0.666,0.598,0.951,0.978,0.135,76.575897,2015.0,6.01,Flawed Democracy,6.5,8.0,5.36,6.0,6.0,5.88,1
49,Gibraltar,,,32688.000000000004,,,,,,,,,,6.4,1991,,,1.0,2016.0,,,,,,,,,,80.0,2011.0,,,,,,,,,0
50,Greece,5.7,593136.0,10341277.0,53.0,1.838,66.0,1.932,52.0,51.0,145.0,57.31 °F,32.9,16.3,2020,16.3,2020.0,17.3,2019.0,2.44,4.3,111.0,2007 - 2022,0.689,0.672,0.994,0.966,0.123,95.29287,2015.0,4.93,Flawed Democracy,7.39,9.0,5.21,6.0,7.0,8.53,0
51,Grenada,4.7,4848.0,126183.0,,,,,52.0,51.0,49.0,79.68 °F,,22.9,2015,22.9,2015.0,24.0,2017.0,,4.1,122.0,2007 - 2022,,,,,,96.0,2003.0,3.05,,,,,,,,0
52,Guadeloupe,,,,,,,,,,157.0,,,,,23.8,2016.0,,,2.3,,,,,,,,,,,,,,,,,,,0
53,Guam,,,172952.0,,,,,,,19.0,82.06 °F,,5.4,2016,5.4,2016.0,4.5,2017.0,,,,,,,,,,99.78904,2015.0,,,,,,,,,0
54,Guatemala,3.7,580994.0,18092026.0,106.0,2.139,110.0,2.195,24.0,150.0,98.0,74.59 °F,48.3,2.2,2019,2.2,2019.0,2.3,2017.0,4.81,6.9,62.0,2007 - 2022,0.655,0.56,0.969,0.979,0.112,79.074211,2015.0,6.48,Hybrid Regime,4.97,6.0,3.93,5.0,3.0,5.88,0
55,Honduras,4.0,308862.0,10593798.0,117.0,2.269,123.0,2.371,23.0,157.0,84.0,76.5 °F,48.2,11.0,2020,5.7,2019.0,5.6,2017.0,4.47,7.3,56.0,2007 - 2022,0.716,0.721,1.0,0.964,0.179,88.424583,2015.0,6.98,Hybrid Regime,5.36,7.0,4.29,4.0,4.0,5.88,0
56,Hong Kong,,,7491609.0,,,,,76.0,12.0,119.0,,,5.8,2020,2.9,2019.0,2.93,2019.0,2.83,,,,,,,,,93.5,2002.0,,Hybrid Regime,5.57,3.0,3.64,5.0,7.0,8.53,1
57,Hungary,5.1,493783.0,10156239.0,13.0,1.411,19.0,1.494,42.0,77.0,160.0,52.72 °F,29.6,4.3,2020,4.3,2020.0,3.45,2019.0,2.6,3.1,144.0,2007 - 2022,0.688,0.669,0.993,0.98,0.112,99.380882,2015.0,4.5,Flawed Democracy,6.56,8.0,6.43,5.0,6.0,6.76,0
58,Iceland,4.1,12533.0,375318.0,1.0,1.107,1.0,1.1,74.0,14.0,203.0,35.29 °F,26.1,5.5,2020,5.5,2020.0,3.62,2019.0,,0.9,177.0,2007 - 2022,0.892,0.846,0.999,0.964,0.76,99.0,2003.0,3.39,Full Democracy,9.37,10.0,8.57,8.0,10.0,9.41,0
59,India,4.5,56675969.0,1428627663.0,135.0,2.578,134.0,2.553,40.0,85.0,80.0,76.71 °F,35.7,4.7,2020,5.3,2019.0,8.5,2017.0,4.57,7.6,49.0,2007 - 2022,0.625,0.326,0.962,0.937,0.276,72.225304,2015.0,5.53,Flawed Democracy,6.61,8.0,7.14,6.0,5.0,5.59,2
60,Indonesia,3.7,9162886.0,277534122.0,47.0,1.8,43.0,1.783,34.0,110.0,57.0,78.71 °F,38.2,4.3,2020,4.3,2020.0,5.31,2018.0,3.86,6.2,79.0,2007 - 2022,0.688,0.647,0.97,0.971,0.164,95.437683,2015.0,6.38,Flawed Democracy,6.3,7.0,7.5,6.0,4.0,5.59,1
61,Iran,4.9,3637308.0,89172767.0,141.0,2.687,140.0,2.637,25.0,147.0,136.0,64.98 °F,42.0,9.7,2020,10.7,2019.0,11.8,2017.0,,4.4,109.0,2007 - 2022,0.582,0.375,0.953,0.963,0.036,87.172531,2015.0,7.1,Authoritarian Regime,2.2,0.0,2.5,3.0,3.0,1.47,2
62,Iraq,3.7,1263249.0,45504560.0,157.0,3.157,158.0,3.257,23.0,157.0,106.0,73.35 °F,29.5,13.0,2017,13.0,2017.0,16.0,2012.0,7.7,8.6,27.0,2007 - 2022,0.535,0.228,0.807,0.968,0.136,79.721764,2015.0,7.05,Authoritarian Regime,3.62,5.0,0.0,6.0,5.0,1.18,2
63,Ireland,4.8,212555.0,5056935.0,3.0,1.288,8.0,1.326,77.0,10.0,174.0,49.53 °F,31.4,5.6,2020,5.5,2020.0,4.98,2019.0,2.77,2.2,160.0,2007 - 2022,0.8,0.733,0.998,0.964,0.504,99.0,2003.0,4.9,Full Democracy,9.05,10.0,7.86,8.0,9.0,9.71,0
64,Israel,4.6,342181.0,9174520.0,134.0,2.576,142.0,2.669,63.0,31.0,126.0,68 °F,39.0,4.3,2020,3.8,2019.0,4.4,2020.0,3.28,1.7,167.0,2007 - 2022,0.724,0.705,1.0,0.964,0.227,97.099998,2004.0,4.41,Flawed Democracy,7.84,9.0,7.5,9.0,7.0,5.59,1
65,Italy,5.1,3049986.0,58870762.0,32.0,1.643,32.0,1.652,56.0,41.0,151.0,55.83 °F,35.9,9.2,2020,9.2,2020.0,9.88,2019.0,2.4,3.6,133.0,2007 - 2022,0.721,0.609,0.997,0.965,0.313,99.015793,2015.0,5.81,Flawed Democracy,7.74,9.0,6.43,7.0,7.0,7.94,1
66,Ivory Coast,3.8,843736.0,28873034.0,108.0,2.144,102.0,2.123,,,41.0,80.26 °F,41.5,3.3,2017,3.3,2017.0,9.4,2013.0,,8.3,34.0,2007 - 2022,0.637,0.664,0.828,0.979,0.076,43.26532,2015.0,6.15,Hybrid Regime,4.11,4.0,2.86,3.0,5.0,3.82,1
67,Japan,4.2,5058124.0,123294513.0,10.0,1.336,12.0,1.373,73.0,18.0,157.0,53.06 °F,32.9,2.8,2020,2.8,2020.0,2.36,2019.0,2.33,1.5,170.0,2007 - 2022,0.656,0.604,0.983,0.973,0.061,99.0,2002.0,4.53,Full Democracy,8.13,8.0,8.57,6.0,8.0,8.53,1
68,Jersey,,,,,,,,,,,,,,,4.0,2015.0,4.0,2015.0,,,,,,,,,,,,,,,,,,,,0
69,Jordan,4.0,287844.0,11337052.0,57.0,1.849,63.0,1.916,47.0,61.0,129.0,67.14 °F,33.7,16.8,2019,16.8,2019.0,19.1,2019.0,4.72,5.1,89.0,2007 - 2022,0.638,0.538,0.991,0.957,0.066,98.014351,2015.0,4.71,Authoritarian Regime,3.62,2.0,3.93,3.0,4.0,3.24,0
70,Kazakhstan,4.4,732699.0,19606633.0,97.0,2.071,67.0,1.936,36.0,101.0,192.0,44.89 °F,27.8,4.9,2020,4.8,2019.0,4.8,2019.0,3.5,4.3,112.0,2007 - 2022,0.71,0.728,0.995,0.975,0.141,99.787849,2015.0,4.26,Authoritarian Regime,3.14,0.0,3.21,5.0,3.0,3.24,1
71,Kenya,4.4,1952981.0,55100586.0,120.0,2.303,115.0,2.254,32.0,123.0,75.0,77.14 °F,40.8,5.0,2019,5.0,2019.0,40.0,2013.0,3.64,8.3,35.0,2007 - 2022,0.692,0.672,0.929,0.975,0.193,78.023399,2015.0,6.95,Hybrid Regime,5.05,3.0,5.36,6.0,5.0,4.12,1
72,Kosovo,,,,,,,,41.0,84.0,,,,,,,,,,,,,,,,,,,,,,,,,,,,,0
73,Kuwait,5.0,181756.0,4310108.0,39.0,1.739,36.0,1.688,42.0,77.0,51.0,79.38 °F,,2.2,2016,2.2,2016.0,1.1,2017.0,,3.0,147.0,2007 - 2022,0.621,0.498,0.997,0.968,0.022,96.117706,2015.0,5.14,Authoritarian Regime,3.8,3.0,3.93,3.0,4.0,3.24,3
74,Kyrgyzstan,4.1,229637.0,6735347.0,91.0,2.028,77.0,1.998,27.0,140.0,200.0,36.77 °F,29.7,4.5,2018,4.5,2018.0,3.18,2019.0,4.21,5.0,95.0,2007 - 2022,0.681,0.646,0.99,0.98,0.108,99.50132,2015.0,5.33,Hybrid Regime,4.21,4.0,2.93,5.0,3.0,4.71,1
75,Laos,3.2,209326.0,7633779.0,51.0,1.809,45.0,1.809,31.0,126.0,94.0,75.45 °F,38.8,9.4,2017,9.4,2017.0,0.7,2017.0,5.77,6.4,76.0,2007 - 2022,0.75,0.915,0.965,0.975,0.146,79.867462,2015.0,5.51,Authoritarian Regime,1.77,0.0,2.86,1.0,3.0,0.59,0
76,Latvia,4.9,102702.0,1830211.0,35.0,1.673,35.0,1.686,59.0,39.0,194.0,44.37 °F,35.1,8.1,2020,8.1,2020.0,6.14,2019.0,2.58,3.6,134.0,2007 - 2022,0.778,0.822,1.0,0.976,0.313,99.892693,2015.0,3.51,Flawed Democracy,7.24,9.0,6.07,6.0,5.0,8.24,0
77,Lebanon,4.7,255280.0,5353930.0,138.0,2.615,146.0,2.797,24.0,150.0,142.0,59.76 °F,31.8,11.3,2019,11.4,2019.0,9.7,2007.0,,6.7,66.0,2007 - 2022,0.638,0.487,0.964,0.97,0.129,94.051102,2015.0,6.76,Hybrid Regime,4.16,3.0,1.5,6.0,5.0,4.12,1
78,Liberia,3.5,155406.0,5418377.0,75.0,1.973,76.0,1.998,26.0,142.0,71.0,77.81 °F,35.3,3.1,2016,3.1,2016.0,2.8,2014.0,4.95,9.0,17.0,2007 - 2022,0.693,0.717,0.839,0.962,0.255,47.60014,2015.0,5.05,Hybrid Regime,5.32,7.0,2.71,5.0,5.0,5.29,0
79,Liechtenstein,,,39584.0,,,,,,,188.0,45.55 °F,,2.0,2007,,,2.4,2015.0,2.32,,,,,,,,,100.0,2011.0,1.88,,,,,,,,0
80,Lithuania,5.6,169685.0,2718352.0,37.0,1.724,37.0,1.689,62.0,33.0,191.0,45.28 °F,35.7,8.5,2020,8.5,2020.0,8.4,2019.0,2.32,4.0,125.0,2007 - 2022,0.804,0.808,0.998,0.98,0.429,99.82328,2015.0,3.31,Flawed Democracy,7.13,9.0,6.07,5.0,5.0,8.82,0
81,Luxembourg,5.0,26350.0,654768.0,,,,,77.0,10.0,171.0,50.11 °F,35.4,6.8,2020,6.8,2020.0,5.36,2019.0,2.41,1.6,168.0,2007 - 2022,0.726,0.691,1.0,0.965,0.247,100.0,2000.0,2.36,Full Democracy,8.68,10.0,8.57,6.0,8.0,9.41,0
82,Macao,,,,,,,,,,111.0,,,,,,,,,3.07,,,,,,,,,,,,,,,,,,,1
83,Madagascar,4.4,1041000.0,30325732.0,84.0,1.995,70.0,1.963,26.0,142.0,110.0,72.75 °F,42.6,1.8,2015,1.8,2015.0,1.8,2017.0,4.95,8.8,24.0,2007 - 2022,0.725,0.754,0.982,0.965,0.2,64.656303,2015.0,5.59,Hybrid Regime,5.7,7.0,3.57,6.0,5.0,4.71,1
84,Malaysia,3.8,1127643.0,34308525.0,18.0,1.471,23.0,1.515,47.0,61.0,50.0,79.47 °F,41.1,4.5,2020,3.3,2019.0,3.3,2019.0,4.57,4.0,126.0,2007 - 2022,0.676,0.638,0.994,0.972,0.102,94.636993,2015.0,5.94,Flawed Democracy,7.19,9.0,7.86,6.0,6.0,5.59,1
85,Malta,5.1,20049.0,535064.0,,,,,21.0,54.0,128.0,67.33 °F,28.7,4.3,2020,4.3,2020.0,0.78,2019.0,2.85,2.1,161.0,2007 - 2022,0.703,0.656,1.0,0.965,0.192,94.066612,2015.0,4.65,Flawed Democracy,7.68,9.0,6.79,6.0,8.0,8.24,0
86,Martinique,,,,,,,,,,160.0,,,,,,,,,2.25,,,,,,,,,,,,,,,,,,,0
87,Mexico,4.2,4936614.0,128455567.0,137.0,2.612,139.0,2.62,31.0,126.0,119.0,70.36 °F,45.4,4.5,2020,4.5,2020.0,3.49,2019.0,3.74,6.6,69.0,2007 - 2022,0.757,0.59,0.997,0.975,0.468,94.545593,2015.0,7.56,Flawed Democracy,6.07,7.0,5.71,7.0,3.0,5.88,1
88,Moldova,5.4,207247.0,3435931.0,62.0,1.882,59.0,1.909,39.0,91.0,163.0,51.6 °F,25.7,3.8,2020,3.8,2020.0,4.99,2019.0,2.89,4.9,98.0,2007 - 2022,0.768,0.811,0.996,0.98,0.286,99.244392,2015.0,4.45,Hybrid Regime,5.78,7.0,4.64,6.0,4.0,6.76,0
89,Monaco,,,36297.0,,,,,,,148.0,56.35 °F,,6.3,2016,6.3,2016.0,2.0,2012.0,,,,,,,,,,99.0,2003.0,2.43,,,,,,,,0
90,Mongolia,4.2,117436.0,3447157.0,42.0,1.775,42.0,1.783,33.0,116.0,204.0,33.94 °F,32.7,7.0,2020,7.0,2020.0,8.0,2017.0,4.32,4.9,99.0,2007 - 2022,0.716,0.769,0.993,0.98,0.122,98.367638,2015.0,4.01,Flawed Democracy,6.48,8.0,5.71,5.0,5.0,6.76,1
91,Montenegro,4.8,28627.0,626485.0,49.0,1.801,51.0,1.847,45.0,65.0,172.0,49.82 °F,38.5,17.9,2020,15.1,2019.0,15.82,2019.0,3.21,4.1,123.0,2007 - 2022,0.732,0.748,0.998,0.97,0.212,98.719948,2015.0,6.0,Hybrid Regime,5.77,7.0,5.71,6.0,3.0,6.47,0
92,Myanmar,3.7,1917983.0,54577997.0,139.0,2.631,130.0,2.457,23.0,157.0,97.0,74.84 °F,30.7,0.5,2019,0.5,2019.0,4.0,2017.0,4.22,,,,0.681,0.657,0.975,0.98,0.113,93.09005,2015.0,7.59,Authoritarian Regime,3.04,1.0,3.93,2.0,4.0,2.35,0
93,Nepal,3.2,890361.0,30896590.0,73.0,1.947,85.0,2.033,34.0,110.0,144.0,57.56 °F,32.8,11.4,2017,11.4,2017.0,3.0,2017.0,4.24,7.4,54.0,2007 - 2022,0.683,0.63,0.895,0.965,0.241,64.663643,2015.0,6.16,Hybrid Regime,5.22,4.0,5.36,5.0,5.0,5.29,1
94,Netherlands,4.7,752777.0,17618299.0,21.0,1.522,21.0,1.506,80.0,8.0,167.0,50.85 °F,28.1,3.8,2020,3.8,2020.0,3.41,2019.0,2.23,1.0,176.0,2007 - 2022,0.762,0.713,1.0,0.962,0.375,99.0,2003.0,4.69,Full Democracy,8.96,9.0,9.29,8.0,8.0,8.82,0
95,New Caledonia,,,292991.0,,,,,,,111.0,72.75 °F,,14.6,2014,14.6,2014.0,14.7,2014.0,,,,,,,,,,96.93782,2015.0,,,,,,,,,0
96,New Zealand,5.4,221338.0,5228100.0,2.0,1.269,2.0,1.253,87.0,2.0,166.0,50.9 °F,,4.6,2020,4.6,2020.0,4.13,2019.0,2.67,1.2,173.0,2007 - 2022,0.84,0.763,1.0,0.966,0.63,99.0,2003.0,3.25,Full Democracy,9.25,10.0,8.93,8.0,8.0,9.71,0
97,Nigeria,3.9,7079815.0,223804632.0,143.0,2.725,145.0,2.712,24.0,150.0,31.0,81.14 °F,35.1,8.5,2019,8.5,2018.0,16.5,2017.0,4.9,9.1,15.0,2007 - 2022,0.627,0.687,0.806,0.967,0.047,59.568081,2015.0,7.15,Hybrid Regime,4.1,5.0,3.57,3.0,3.0,4.12,3
98,Norway,4.7,227446.0,5474360.0,17.0,1.465,14.0,1.438,84.0,4.0,202.0,35.91 °F,27.6,4.4,2020,4.4,2020.0,3.72,2019.0,2.22,1.3,172.0,2007 - 2022,0.849,0.792,1.0,0.964,0.64,100.0,2011.0,3.81,Full Democracy,9.81,10.0,9.64,10.0,10.0,9.41,0
99,Pakistan,4.2,7436224.0,240485658.0,147.0,2.789,149.0,2.868,27.0,140.0,120.0,69.82 °F,31.6,4.1,2018,4.1,2018.0,6.0,2017.0,6.8,7.7,48.0,2007 - 2022,0.556,0.316,0.811,0.944,0.154,56.440311,2015.0,6.28,Hybrid Regime,4.31,5.0,5.36,3.0,2.0,4.71,1
100,Peru,4.8,1443513.0,34352719.0,101.0,2.091,163.0,2.034,36.0,101.0,127.0,67.5 °F,41.5,7.4,2020,7.1,2020.0,6.58,2019.0,3.75,7.1,60.0,2007 - 2022,0.721,0.629,0.981,0.964,0.31,94.374352,2015.0,6.35,Flawed Democracy,6.53,8.0,5.36,5.0,5.0,7.35,1
101,Philippines,3.3,3298652.0,117337368.0,125.0,2.339,126.0,2.417,33.0,116.0,53.0,79.11 °F,42.3,2.5,2020,2.2,2019.0,5.11,2019.0,4.23,6.5,73.0,2007 - 2022,0.784,0.795,0.999,0.979,0.362,96.618027,2015.0,6.84,Flawed Democracy,6.56,9.0,5.0,7.0,4.0,6.47,1
102,Poland,5.1,1878988.0,41026067.0,25.0,1.552,24.0,1.524,55.0,45.0,183.0,47.8 °F,30.2,3.2,2020,3.2,2020.0,5.43,2019.0,2.81,3.3,139.0,2007 - 2022,0.713,0.705,0.996,0.98,0.171,99.787422,2015.0,4.01,Flawed Democracy,6.85,9.0,5.71,6.0,5.0,7.06,1
103,Portugal,5.7,578234.0,10247605.0,6.0,1.301,4.0,1.267,62.0,33.0,141.0,60.51 °F,33.5,6.8,2020,6.8,2020.0,6.55,2019.0,2.66,3.2,142.0,2007 - 2022,0.775,0.746,0.992,0.972,0.39,95.428108,2015.0,4.55,Flawed Democracy,7.9,9.0,7.5,6.0,7.0,8.82,0
104,Puerto Rico,,,3260314.0,,,,,,,77.0,76.96 °F,,8.3,2019,8.3,2019.0,10.8,2017.0,2.67,,,,,,,,,93.329422,2015.0,,,,,,,,,0
105,Qatar,5.1,105684.0,2716391.0,23.0,1.533,29.0,1.605,58.0,40.0,12.0,82.44 °F,,0.1,2020,0.1,2019.0,8.9,2017.0,,2.6,152.0,2007 - 2022,0.624,0.504,0.99,0.948,0.053,97.757088,2015.0,5.21,Authoritarian Regime,3.24,0.0,4.29,2.0,5.0,3.53,2
106,Reunion,,,,,,,,,,130.0,,,,,,,,,2.64,,,,,,,,,,,,,,,,,,,0
107,Romania,5.0,931842.0,19892812.0,31.0,1.64,25.0,1.53,46.0,63.0,170.0,50.34 °F,35.8,5.0,2020,5.0,2020.0,3.06,2019.0,2.88,5.3,87.0,2007 - 2022,0.7,0.723,0.997,0.98,0.1,98.757027,2015.0,4.59,Flawed Democracy,6.4,9.0,5.36,6.0,3.0,7.06,1
108,Russia,5.5,7815714.0,144444359.0,160.0,3.275,153.0,2.993,28.0,137.0,205.0,25.23 °F,37.5,5.6,2020,4.5,2019.0,4.6,2019.0,2.58,4.0,127.0,2007 - 2022,0.708,0.767,1.0,0.98,0.085,99.719566,2015.0,6.24,Authoritarian Regime,3.31,2.0,2.14,5.0,3.0,4.12,3
109,San Marino,,,33642.0,,,,,,,152.0,54.84 °F,,5.8,2019,5.8,2019.0,8.1,2017.0,,,,,,,,,,96.0,2011.0,3.01,,,,,,,,0
110,Saudi Arabia,4.5,1339976.0,36947025.0,119.0,2.288,124.0,2.376,51.0,54.0,58.0,78.69 °F,,7.4,2020,6.0,2018.0,6.0,2017.0,,4.1,124.0,2007 - 2022,0.603,0.39,0.98,0.964,0.077,94.842369,2015.0,6.01,Authoritarian Regime,2.08,0.0,3.57,2.0,3.0,1.47,4
111,Senegal,3.9,560991.0,17763163.0,70.0,1.916,54.0,1.864,43.0,72.0,4.0,84.04 °F,40.3,2.9,2019,3.6,2017.0,48.0,2007.0,8.33,7.6,50.0,2007 - 2022,0.684,0.554,0.888,0.967,0.327,55.624851,2015.0,4.81,Hybrid Regime,5.67,6.0,5.71,4.0,6.0,5.88,0
112,Serbia,5.0,419302.0,7149077.0,52.0,1.832,44.0,1.797,36.0,101.0,161.0,52.52 °F,36.2,9.0,2020,9.0,2020.0,14.1,2017.0,2.88,4.2,118.0,2007 - 2022,0.78,0.716,0.998,0.969,0.437,98.002892,2015.0,6.21,Flawed Democracy,6.22,8.0,5.36,6.0,3.0,7.06,1
113,Singapore,4.6,162203.0,6014723.0,9.0,1.326,11.0,1.347,83.0,5.0,22.0,81.84 °F,,4.1,2020,3.1,2019.0,2.25,2019.0,3.29,1.2,174.0,2007 - 2022,0.727,0.749,0.99,0.963,0.208,96.774628,2015.0,3.13,Flawed Democracy,6.03,4.0,7.86,4.0,6.0,6.76,0
114,Slovakia,5.1,268516.0,5795199.0,20.0,1.499,26.0,1.557,53.0,49.0,182.0,47.89 °F,,6.7,2020,6.7,2020.0,5.0,2019.0,2.8,2.9,148.0,2007 - 2022,0.712,0.682,1.0,0.98,0.184,99.599998,2004.0,4.69,Flawed Democracy,6.97,9.0,6.43,5.0,5.0,7.65,0
115,Slovenia,5.1,99864.0,2119675.0,7.0,1.316,5.0,1.315,56.0,41.0,173.0,49.77 °F,24.6,5.0,2020,5.0,2020.0,7.64,2019.0,2.47,2.7,150.0,2007 - 2022,0.741,0.803,1.0,0.977,0.184,99.71476,2015.0,4.29,Flawed Democracy,7.54,9.0,6.43,7.0,6.0,8.24,0
116,South Africa,4.6,2402230.0,60414495.0,118.0,2.283,122.0,2.344,43.0,72.0,137.0,64.81 °F,63.0,29.2,2020,29.2,2020.0,28.53,2019.0,3.36,6.9,63.0,2007 - 2022,0.781,0.658,0.994,0.979,0.493,94.597939,2015.0,6.63,Flawed Democracy,7.05,7.0,7.14,8.0,5.0,7.35,1
117,South Korea,4.1,1904645.0,51784059.0,43.0,1.779,57.0,1.877,63.0,31.0,155.0,53.85 °F,31.4,3.9,2020,,,3.76,2019.0,2.53,2.7,151.0,2007 - 2022,0.687,0.586,0.973,0.976,0.214,97.965942,2008.0,4.91,Full Democracy,8.01,9.0,8.21,7.0,7.0,7.94,1
118,Spain,5.2,2408700.0,47519628.0,29.0,1.603,31.0,1.621,60.0,35.0,146.0,57.22 °F,34.7,15.5,2020,15.5,2020.0,14.13,2019.0,2.69,3.2,143.0,2007 - 2022,0.788,0.699,0.998,0.965,0.491,98.11451,2015.0,5.78,Full Democracy,8.12,9.0,7.14,7.0,8.0,8.53,1
119,Sri Lanka,4.1,802321.0,21893579.0,90.0,2.02,94.0,2.083,36.0,101.0,32.0,81.05 °F,39.3,4.3,2018,4.8,2019.0,4.83,2019.0,,5.0,96.0,2007 - 2022,0.67,0.547,0.988,0.98,0.167,92.614166,2015.0,4.64,Flawed Democracy,6.14,7.0,5.71,5.0,6.0,6.18,0
120,Sudan,3.6,1376305.0,48109006.0,154.0,3.007,152.0,2.936,22.0,162.0,14.0,82.33 °F,34.2,17.4,2011,,,19.6,2017.0,5.59,8.9,21.0,2007 - 2022,,,,,,58.601318,2015.0,6.46,Authoritarian Regime,2.54,0.0,1.79,4.0,5.0,1.47,1
121,Sweden,4.9,446734.0,10612086.0,26.0,1.564,15.0,1.46,83.0,5.0,199.0,37.72 °F,30.0,8.3,2020,8.3,2020.0,6.78,2019.0,,1.1,175.0,2007 - 2022,0.823,0.81,0.996,0.962,0.522,99.0,2003.0,4.56,Full Democracy,9.26,9.0,9.29,8.0,10.0,9.12,0
122,Switzerland,5.0,388870.0,8796669.0,11.0,1.357,7.0,1.323,82.0,7.0,195.0,43.72 °F,33.1,4.8,2020,4.8,2020.0,2.31,2019.0,1.97,1.9,164.0,2007 - 2022,0.798,0.743,0.992,0.964,0.494,99.0,2003.0,4.34,Full Democracy,8.83,9.0,8.57,7.0,9.0,8.82,0
123,Taiwan,,,23923276.0,30.0,1.618,34.0,1.662,68.0,25.0,,,,,,3.7,2019.0,3.73,2019.0,,,,,,,,,,96.099998,2003.0,,Full Democracy,8.94,10.0,9.64,7.0,8.0,9.71,1
124,Tajikistan,3.8,304018.0,10143543.0,92.0,2.031,96.0,2.095,24.0,150.0,198.0,38.73 °F,34.0,6.9,2016,6.9,2016.0,2.4,2016.0,5.99,5.0,97.0,2007 - 2022,0.65,0.574,0.942,0.969,0.112,99.781052,2015.0,5.61,Authoritarian Regime,1.94,0.0,2.21,2.0,4.0,0.88,1
125,Thailand,4.4,2885221.0,71801279.0,103.0,2.098,112.0,2.205,36.0,101.0,39.0,80.35 °F,34.9,1.1,2020,0.7,2019.0,0.99,2019.0,3.69,3.7,130.0,2007 - 2022,0.71,0.787,0.992,0.978,0.084,93.983017,2015.0,5.76,Flawed Democracy,6.04,7.0,5.0,6.0,6.0,5.29,3
126,Togo,3.9,277532.0,9053799.0,102.0,2.094,114.0,2.239,30.0,130.0,30.0,81.21 °F,43.1,3.7,2017,3.7,2017.0,6.9,2016.0,4.55,8.2,38.0,2007 - 2022,0.683,0.787,0.782,0.979,0.185,66.53759,2015.0,5.33,Authoritarian Regime,2.8,0.0,1.79,3.0,5.0,2.94,1
127,Trinidad and Tobago,5.2,67614.0,1534937.0,88.0,2.005,84.0,2.029,42.0,77.0,48.0,79.7 °F,40.3,3.2,2016,3.2,2016.0,4.9,2017.0,3.29,,,,,,,,,98.969582,2015.0,4.94,Flawed Democracy,7.16,9.0,7.14,6.0,5.0,7.35,0
128,Turkey,4.4,3260677.0,85816199.0,145.0,2.785,148.0,2.843,36.0,101.0,158.0,53.01 °F,41.9,13.1,2020,13.1,2020.0,13.68,2019.0,4.07,5.1,92.0,2007 - 2022,0.638,0.486,0.975,0.967,0.123,95.688103,2015.0,6.89,Hybrid Regime,4.48,3.0,5.36,5.0,5.0,2.35,1
129,Turkmenistan,4.2,214010.0,6516100.0,104.0,2.116,108.0,2.154,19.0,167.0,140.0,61.93 °F,40.8,4.0,2010,,,11.0,2014.0,,4.4,110.0,2007 - 2022,,,,,,99.692932,2015.0,4.61,Authoritarian Regime,1.72,0.0,0.79,2.0,5.0,0.59,1
130,Uganda,4.6,1747769.0,48582334.0,121.0,2.309,113.0,2.219,26.0,142.0,103.0,73.87 °F,42.8,10.1,2017,9.9,2017.0,9.4,2014.0,4.53,8.3,37.0,2007 - 2022,0.717,0.692,0.898,0.98,0.296,73.809837,2015.0,6.14,Hybrid Regime,4.94,4.0,3.21,5.0,6.0,5.29,3
131,Ukraine,6.3,2800587.0,36744634.0,153.0,2.971,141.0,2.66,33.0,116.0,178.0,48.7 °F,26.6,9.5,2020,8.2,2019.0,8.89,2019.0,2.46,4.3,113.0,2007 - 2022,0.714,0.732,1.0,0.978,0.147,99.764107,2015.0,6.18,Hybrid Regime,5.81,8.0,2.71,7.0,5.0,5.88,1
132,United Arab Emirates,5.1,444016.0,9516871.0,60.0,1.865,52.0,1.848,67.0,27.0,8.0,82.71 °F,26.0,2.2,2019,2.2,2019.0,1.6,2016.0,6.3,,,,0.716,0.51,0.987,0.963,0.403,92.986366,2015.0,5.75,Authoritarian Regime,2.7,0.0,3.93,2.0,5.0,2.35,3
133,United States of America,,,,,,,,69.0,24.0,177.0,49.01 °F,,,,,,,,,,,,,,,,,,,5.5,,,,,,,,3
134,Uzbekistan,4.2,1186450.0,35163944.0,87.0,2.001,89.0,2.062,31.0,126.0,147.0,56.7 °F,35.3,9.0,2019,9.0,2019.0,5.0,2017.0,5.24,4.3,114.0,2007 - 2022,,,,,,99.995193,2015.0,4.96,Authoritarian Regime,2.12,0.0,1.86,2.0,5.0,0.88,1
135,Venezuela,4.2,1270099.0,28838499.0,148.0,2.798,151.0,2.934,14.0,177.0,62.0,78.28 °F,44.8,5.0,2017,5.1,2017.0,6.9,2018.0,4.33,8.6,29.0,2007 - 2022,0.699,0.617,0.998,0.98,0.199,95.399246,2015.0,6.64,Authoritarian Regime,2.76,0.0,1.79,5.0,4.0,2.65,0
136,Vietnam,4.0,3564934.0,98858950.0,44.0,1.786,50.0,1.835,42.0,77.0,82.0,76.6 °F,35.7,2.4,2020,2.4,2020.0,3.11,2018.0,,4.0,128.0,2007 - 2022,0.701,0.765,0.982,0.945,0.113,94.514267,2015.0,6.28,Authoritarian Regime,2.94,0.0,2.86,3.0,5.0,2.35,1
137,Zambia,4.0,636819.0,20569737.0,56.0,1.841,71.0,1.964,33.0,116.0,112.0,72.01 °F,57.1,12.5,2019,12.0,2018.0,15.0,2008.0,5.13,7.8,45.0,2007 - 2022,0.726,0.804,0.938,0.98,0.18,85.117264,2015.0,4.93,Hybrid Regime,4.86,4.0,2.93,3.0,6.0,5.88,3
